{
  "best_epoch": 24,
  "training_time_seconds": 8372.199043809,
  "train_pre_building_dice": 0.7360142469406128,
  "train_pre_building_iou": 0.5822963714599609,
  "train_pre_building_pixel_accuracy": 0.9580979943275452,
  "train_post_building_dice": 0.7368409633636475,
  "train_post_building_iou": 0.5833318829536438,
  "train_post_building_pixel_accuracy": 0.9583329558372498,
  "train_damage_mean_dice": 0.32033294439315796,
  "train_damage_mean_iou": 0.237877756357193,
  "train_damage_frequency_weighted_iou": 0.035567209124565125,
  "train_damage_rare_class_recall": 0.19352059066295624,
  "train_damage_pixel_accuracy": 0.9542832374572754,
  "train_damage_macro_f1": 0.3203330636024475,
  "train_damage_dice_background": 0.9763213992118835,
  "train_damage_iou_background": 0.9537380933761597,
  "train_damage_f1_background": 0.9763213396072388,
  "train_damage_dice_no_damage": 0.7152837514877319,
  "train_damage_iou_no_damage": 0.5567640662193298,
  "train_damage_f1_no_damage": 0.7152838110923767,
  "train_damage_dice_minor_damage": 1.3263127575380285e-12,
  "train_damage_iou_minor_damage": 1.3263127575380285e-12,
  "train_damage_f1_minor_damage": 1.0000263728215941e-07,
  "train_damage_dice_major_damage": 2.1258955967135007e-12,
  "train_damage_iou_major_damage": 2.1258955967135007e-12,
  "train_damage_f1_major_damage": 1.0000423600331487e-07,
  "train_damage_dice_destroyed": 0.5660480856895447,
  "train_damage_iou_destroyed": 0.39474692940711975,
  "train_damage_f1_destroyed": 0.5660481452941895,
  "train_building_only_damage_mean_dice": 0.4057905077934265,
  "train_building_only_damage_mean_iou": 0.3496805727481842,
  "train_building_only_damage_frequency_weighted_iou": 0.8330525755882263,
  "train_building_only_damage_rare_class_recall": 0.19352059066295624,
  "train_building_only_damage_pixel_accuracy": 0.8594431281089783,
  "train_building_only_damage_macro_f1": 0.4057905972003937,
  "train_building_only_damage_dice_background": 7.930497079346177e-14,
  "train_building_only_damage_iou_background": 7.930497079346177e-14,
  "train_building_only_damage_f1_background": 1.000001432771569e-07,
  "train_building_only_damage_dice_no_damage": 0.9285171627998352,
  "train_building_only_damage_iou_no_damage": 0.8665721416473389,
  "train_building_only_damage_f1_no_damage": 0.92851722240448,
  "train_building_only_damage_dice_minor_damage": 1.3263127575380285e-12,
  "train_building_only_damage_iou_minor_damage": 1.3263127575380285e-12,
  "train_building_only_damage_f1_minor_damage": 1.0000263728215941e-07,
  "train_building_only_damage_dice_major_damage": 2.1258955967135007e-12,
  "train_building_only_damage_iou_major_damage": 2.1258955967135007e-12,
  "train_building_only_damage_f1_major_damage": 1.0000423600331487e-07,
  "train_building_only_damage_dice_destroyed": 0.6946449279785156,
  "train_building_only_damage_iou_destroyed": 0.532150149345398,
  "train_building_only_damage_f1_destroyed": 0.6946449279785156,
  "val_pre_building_dice": 0.7805388569831848,
  "val_pre_building_iou": 0.6400686502456665,
  "val_pre_building_pixel_accuracy": 0.9565423727035522,
  "val_post_building_dice": 0.7810918688774109,
  "val_post_building_iou": 0.6408126950263977,
  "val_post_building_pixel_accuracy": 0.9567363858222961,
  "val_damage_mean_dice": 0.3783143162727356,
  "val_damage_mean_iou": 0.3043614625930786,
  "val_damage_frequency_weighted_iou": 0.05312061309814453,
  "val_damage_rare_class_recall": 0.30232715606689453,
  "val_damage_pixel_accuracy": 0.9535483121871948,
  "val_damage_macro_f1": 0.37831440567970276,
  "val_damage_dice_background": 0.9747479557991028,
  "val_damage_iou_background": 0.9507399797439575,
  "val_damage_f1_background": 0.9747480750083923,
  "val_damage_dice_no_damage": 0.7702494263648987,
  "val_damage_iou_no_damage": 0.6263460516929626,
  "val_damage_f1_no_damage": 0.7702494859695435,
  "val_damage_dice_minor_damage": 5.861321410866038e-12,
  "val_damage_iou_minor_damage": 5.861321410866038e-12,
  "val_damage_f1_minor_damage": 1.0001171091289507e-07,
  "val_damage_dice_major_damage": 6.865303030928471e-12,
  "val_damage_iou_major_damage": 6.865303030928471e-12,
  "val_damage_f1_major_damage": 1.0001371464340991e-07,
  "val_damage_dice_destroyed": 0.7430078387260437,
  "val_damage_iou_destroyed": 0.5910997986793518,
  "val_damage_f1_destroyed": 0.7430078983306885,
  "val_building_only_damage_mean_dice": 0.46842077374458313,
  "val_building_only_damage_mean_iou": 0.4406422972679138,
  "val_building_only_damage_frequency_weighted_iou": 0.8839040994644165,
  "val_building_only_damage_rare_class_recall": 0.30232715606689453,
  "val_building_only_damage_pixel_accuracy": 0.8945509195327759,
  "val_building_only_damage_macro_f1": 0.4684208631515503,
  "val_building_only_damage_dice_background": 3.0802687874323387e-13,
  "val_building_only_damage_iou_background": 3.0802687874323387e-13,
  "val_building_only_damage_f1_background": 1.0000060512993514e-07,
  "val_building_only_damage_dice_no_damage": 0.9444926381111145,
  "val_building_only_damage_iou_no_damage": 0.8948233723640442,
  "val_building_only_damage_f1_no_damage": 0.9444926381111145,
  "val_building_only_damage_dice_minor_damage": 5.861321410866038e-12,
  "val_building_only_damage_iou_minor_damage": 5.861321410866038e-12,
  "val_building_only_damage_f1_minor_damage": 1.0001171091289507e-07,
  "val_building_only_damage_dice_major_damage": 6.865303030928471e-12,
  "val_building_only_damage_iou_major_damage": 6.865303030928471e-12,
  "val_building_only_damage_f1_major_damage": 1.0001371464340991e-07,
  "val_building_only_damage_dice_destroyed": 0.929190456867218,
  "val_building_only_damage_iou_destroyed": 0.8677457571029663,
  "val_building_only_damage_f1_destroyed": 0.9291905164718628
}