{
  "best_epoch": 18,
  "train_dice": 0.597583163405139,
  "train_iou": 0.45460355966555427,
  "train_loss": 0.2825797464516598,
  "val_dice": 0.6627251710309539,
  "val_f1": 0.6627251710309539,
  "val_iou": 0.5194827479331993,
  "val_loss": 0.24892073904359063,
  "val_precision": 0.7161599158547646,
  "val_recall": 0.663567703477172
}