{
  "best_epoch": 45,
  "training_time_seconds": 13864.980351416001,
  "train_pre_building_dice": 0.7642524242401123,
  "train_pre_building_iou": 0.6184535026550293,
  "train_pre_building_pixel_accuracy": 0.9638788104057312,
  "train_post_building_dice": 0.7647926807403564,
  "train_post_building_iou": 0.6191614866256714,
  "train_post_building_pixel_accuracy": 0.9640213251113892,
  "train_damage_mean_dice": 0.3249444365501404,
  "train_damage_mean_iou": 0.24641671776771545,
  "train_damage_frequency_weighted_iou": 0.03895845636725426,
  "train_damage_rare_class_recall": 0.14687563478946686,
  "train_damage_pixel_accuracy": 0.9702751636505127,
  "train_damage_macro_f1": 0.32494449615478516,
  "train_damage_dice_background": 0.9851771593093872,
  "train_damage_iou_background": 0.9707871675491333,
  "train_damage_f1_background": 0.9851770401000977,
  "train_damage_dice_no_damage": 0.7682531476020813,
  "train_damage_iou_no_damage": 0.6237101554870605,
  "train_damage_f1_no_damage": 0.7682531476020813,
  "train_damage_dice_minor_damage": 1.2937949322999742e-12,
  "train_damage_iou_minor_damage": 1.2937949322999742e-12,
  "train_damage_f1_minor_damage": 1.000025733333132e-07,
  "train_damage_dice_major_damage": 1.9669552445145122e-12,
  "train_damage_iou_major_damage": 1.9669552445145122e-12,
  "train_damage_f1_major_damage": 1.0000392336451114e-07,
  "train_damage_dice_destroyed": 0.5315245985984802,
  "train_damage_iou_destroyed": 0.36195674538612366,
  "train_damage_f1_destroyed": 0.531524658203125,
  "train_building_only_damage_mean_dice": 0.3558865189552307,
  "train_building_only_damage_mean_iou": 0.28517016768455505,
  "train_building_only_damage_frequency_weighted_iou": 0.7048342227935791,
  "train_building_only_damage_rare_class_recall": 0.14687563478946686,
  "train_building_only_damage_pixel_accuracy": 0.7245903611183167,
  "train_building_only_damage_macro_f1": 0.35588663816452026,
  "train_building_only_damage_dice_background": 3.5149793774398586e-14,
  "train_building_only_damage_iou_background": 3.5149793774398586e-14,
  "train_building_only_damage_f1_background": 1.000000580120286e-07,
  "train_building_only_damage_dice_no_damage": 0.8489984273910522,
  "train_building_only_damage_iou_no_damage": 0.7376171946525574,
  "train_building_only_damage_f1_no_damage": 0.848998486995697,
  "train_building_only_damage_dice_minor_damage": 1.2937949322999742e-12,
  "train_building_only_damage_iou_minor_damage": 1.2937949322999742e-12,
  "train_building_only_damage_f1_minor_damage": 1.000025733333132e-07,
  "train_building_only_damage_dice_major_damage": 1.9669552445145122e-12,
  "train_building_only_damage_iou_major_damage": 1.9669552445145122e-12,
  "train_building_only_damage_f1_major_damage": 1.0000392336451114e-07,
  "train_building_only_damage_dice_destroyed": 0.5745477080345154,
  "train_building_only_damage_iou_destroyed": 0.40306344628334045,
  "train_building_only_damage_f1_destroyed": 0.5745477676391602,
  "val_pre_building_dice": 0.7901852130889893,
  "val_pre_building_iou": 0.6531456112861633,
  "val_pre_building_pixel_accuracy": 0.9578409790992737,
  "val_post_building_dice": 0.7912311553955078,
  "val_post_building_iou": 0.6545760631561279,
  "val_post_building_pixel_accuracy": 0.9581743478775024,
  "val_damage_mean_dice": 0.4015785753726959,
  "val_damage_mean_iou": 0.3355347514152527,
  "val_damage_frequency_weighted_iou": 0.05746738985180855,
  "val_damage_rare_class_recall": 0.2759604752063751,
  "val_damage_pixel_accuracy": 0.9668866395950317,
  "val_damage_macro_f1": 0.4015786051750183,
  "val_damage_dice_background": 0.9824297428131104,
  "val_damage_iou_background": 0.965466320514679,
  "val_damage_f1_background": 0.9824298024177551,
  "val_damage_dice_no_damage": 0.8054907321929932,
  "val_damage_iou_no_damage": 0.6743276715278625,
  "val_damage_f1_no_damage": 0.8054906725883484,
  "val_damage_dice_minor_damage": 5.861321410866038e-12,
  "val_damage_iou_minor_damage": 5.861321410866038e-12,
  "val_damage_f1_minor_damage": 1.0001171091289507e-07,
  "val_damage_dice_major_damage": 6.865303030928471e-12,
  "val_damage_iou_major_damage": 6.865303030928471e-12,
  "val_damage_f1_major_damage": 1.0001371464340991e-07,
  "val_damage_dice_destroyed": 0.8008235692977905,
  "val_damage_iou_destroyed": 0.6678112745285034,
  "val_damage_f1_destroyed": 0.8008235692977905,
  "val_building_only_damage_mean_dice": 0.4446067810058594,
  "val_building_only_damage_mean_iou": 0.40026891231536865,
  "val_building_only_damage_frequency_weighted_iou": 0.7896373867988586,
  "val_building_only_damage_rare_class_recall": 0.2759604752063751,
  "val_building_only_damage_pixel_accuracy": 0.7988035082817078,
  "val_building_only_damage_macro_f1": 0.44460684061050415,
  "val_building_only_damage_dice_background": 1.516649761508504e-13,
  "val_building_only_damage_iou_background": 1.516649761508504e-13,
  "val_building_only_damage_f1_background": 1.000002924911314e-07,
  "val_building_only_damage_dice_no_damage": 0.8863751292228699,
  "val_building_only_damage_iou_no_damage": 0.7959368824958801,
  "val_building_only_damage_f1_no_damage": 0.8863751292228699,
  "val_building_only_damage_dice_minor_damage": 5.861321410866038e-12,
  "val_building_only_damage_iou_minor_damage": 5.861321410866038e-12,
  "val_building_only_damage_f1_minor_damage": 1.0001171091289507e-07,
  "val_building_only_damage_dice_major_damage": 6.865303030928471e-12,
  "val_building_only_damage_iou_major_damage": 6.865303030928471e-12,
  "val_building_only_damage_f1_major_damage": 1.0001371464340991e-07,
  "val_building_only_damage_dice_destroyed": 0.8920519948005676,
  "val_building_only_damage_iou_destroyed": 0.8051388263702393,
  "val_building_only_damage_f1_destroyed": 0.8920519948005676
}