{
  "best_epoch": 20,
  "training_time_seconds": 3769.40371029,
  "train_mean_dice": 0.3621249198913574,
  "train_mean_iou": 0.2587398886680603,
  "train_frequency_weighted_iou": 0.025988411158323288,
  "train_rare_class_recall": 0.25337567925453186,
  "train_pixel_accuracy": 0.9671408534049988,
  "train_macro_f1": 0.3621254563331604,
  "train_dice_background": 0.9836285710334778,
  "train_iou_background": 0.9677847027778625,
  "train_f1_background": 0.9836286306381226,
  "train_dice_no_damage": 0.6528464555740356,
  "train_iou_no_damage": 0.4846118092536926,
  "train_f1_no_damage": 0.6528465151786804,
  "train_dice_minor_damage": 0.007364640478044748,
  "train_iou_minor_damage": 0.003695929888635874,
  "train_f1_minor_damage": 0.007366484962403774,
  "train_dice_major_damage": 0.1565069854259491,
  "train_iou_major_damage": 0.08489697426557541,
  "train_f1_major_damage": 0.15650725364685059,
  "train_dice_destroyed": 0.6317815184593201,
  "train_iou_destroyed": 0.4617548882961273,
  "train_f1_destroyed": 0.6317816376686096,
  "val_mean_dice": 0.45834875106811523,
  "val_mean_iou": 0.3591150641441345,
  "val_frequency_weighted_iou": 0.05434142425656319,
  "val_rare_class_recall": 0.4458504915237427,
  "val_pixel_accuracy": 0.960901141166687,
  "val_macro_f1": 0.458349347114563,
  "val_dice_background": 0.9790796041488647,
  "val_iou_background": 0.9590165019035339,
  "val_f1_background": 0.9790796041488647,
  "val_dice_no_damage": 0.7772471904754639,
  "val_iou_no_damage": 0.635653555393219,
  "val_f1_no_damage": 0.7772471904754639,
  "val_dice_minor_damage": 0.0011560025159269571,
  "val_iou_minor_damage": 0.0005783355445601046,
  "val_f1_minor_damage": 0.0011583664454519749,
  "val_dice_major_damage": 0.2728145718574524,
  "val_iou_major_damage": 0.15795326232910156,
  "val_f1_major_damage": 0.27281469106674194,
  "val_dice_destroyed": 0.7821772694587708,
  "val_iou_destroyed": 0.6422750949859619,
  "val_f1_destroyed": 0.782177209854126
}