{
  "best_epoch": 25,
  "val_loss": 1.067732590391203,
  "accuracy": 0.5739436745643616,
  "macro_f1": 0.38550305366516113,
  "weighted_f1": 0.7145071625709534,
  "precision_no_damage": 0.9915456771850586,
  "recall_no_damage": 0.5581896305084229,
  "f1_no_damage": 0.7142775058746338,
  "support_no_damage": 11136.0,
  "predicted_no_damage": 6269.0,
  "precision_minor_damage": 0.011511895805597305,
  "recall_minor_damage": 0.44117647409439087,
  "f1_minor_damage": 0.02243829518556595,
  "support_minor_damage": 68.0,
  "predicted_minor_damage": 2606.0,
  "precision_major_damage": 0.012043512426316738,
  "recall_major_damage": 0.6326530575752258,
  "f1_major_damage": 0.023637056350708008,
  "support_major_damage": 49.0,
  "predicted_major_damage": 2574.0,
  "precision_destroyed": 0.8548232913017273,
  "recall_destroyed": 0.7200321555137634,
  "f1_destroyed": 0.7816593647003174,
  "support_destroyed": 1243.0,
  "predicted_destroyed": 1047.0
}