{
  "best_epoch": 34,
  "training_time_seconds": 10398.034879322,
  "train_pre_building_dice": 0.7787661552429199,
  "train_pre_building_iou": 0.6376879811286926,
  "train_pre_building_pixel_accuracy": 0.9664352536201477,
  "train_post_building_dice": 0.7785943746566772,
  "train_post_building_iou": 0.6374576091766357,
  "train_post_building_pixel_accuracy": 0.9663894176483154,
  "train_damage_mean_dice": 0.3667137324810028,
  "train_damage_mean_iou": 0.29116156697273254,
  "train_damage_frequency_weighted_iou": 0.04197794198989868,
  "train_damage_rare_class_recall": 0.21174950897693634,
  "train_damage_pixel_accuracy": 0.9722609519958496,
  "train_damage_macro_f1": 0.36671382188796997,
  "train_damage_dice_background": 0.9857664704322815,
  "train_damage_iou_background": 0.9719322323799133,
  "train_damage_f1_background": 0.9857663512229919,
  "train_damage_dice_no_damage": 0.7909035086631775,
  "train_damage_iou_no_damage": 0.6541276574134827,
  "train_damage_f1_no_damage": 0.7909035682678223,
  "train_damage_dice_minor_damage": 1.298448328024282e-12,
  "train_damage_iou_minor_damage": 1.298448328024282e-12,
  "train_damage_f1_minor_damage": 1.0000258043874055e-07,
  "train_damage_dice_major_damage": 1.9304646856760366e-12,
  "train_damage_iou_major_damage": 1.9304646856760366e-12,
  "train_damage_f1_major_damage": 1.000038452048102e-07,
  "train_damage_dice_destroyed": 0.6759514212608337,
  "train_damage_iou_destroyed": 0.5105186104774475,
  "train_damage_f1_destroyed": 0.6759514212608337,
  "train_building_only_damage_mean_dice": 0.4066496193408966,
  "train_building_only_damage_mean_iou": 0.34500792622566223,
  "train_building_only_damage_frequency_weighted_iou": 0.7575669288635254,
  "train_building_only_damage_rare_class_recall": 0.21174950897693634,
  "train_building_only_damage_pixel_accuracy": 0.7701706290245056,
  "train_building_only_damage_macro_f1": 0.4066496789455414,
  "train_building_only_damage_dice_background": 4.0114131905511635e-14,
  "train_building_only_damage_iou_background": 4.0114131905511635e-14,
  "train_building_only_damage_f1_background": 1.0000006511745596e-07,
  "train_building_only_damage_dice_no_damage": 0.8756874203681946,
  "train_building_only_damage_iou_no_damage": 0.7788647413253784,
  "train_building_only_damage_f1_no_damage": 0.8756874203681946,
  "train_building_only_damage_dice_minor_damage": 1.298448328024282e-12,
  "train_building_only_damage_iou_minor_damage": 1.298448328024282e-12,
  "train_building_only_damage_f1_minor_damage": 1.0000258043874055e-07,
  "train_building_only_damage_dice_major_damage": 1.9304646856760366e-12,
  "train_building_only_damage_iou_major_damage": 1.9304646856760366e-12,
  "train_building_only_damage_f1_major_damage": 1.000038452048102e-07,
  "train_building_only_damage_dice_destroyed": 0.7509110569953918,
  "train_building_only_damage_iou_destroyed": 0.6011669635772705,
  "train_building_only_damage_f1_destroyed": 0.7509110569953918,
  "val_pre_building_dice": 0.8009020090103149,
  "val_pre_building_iou": 0.6679204106330872,
  "val_pre_building_pixel_accuracy": 0.9604932069778442,
  "val_post_building_dice": 0.8019251823425293,
  "val_post_building_iou": 0.6693448424339294,
  "val_post_building_pixel_accuracy": 0.9608116745948792,
  "val_damage_mean_dice": 0.4121522903442383,
  "val_damage_mean_iou": 0.3505825996398926,
  "val_damage_frequency_weighted_iou": 0.059226736426353455,
  "val_damage_rare_class_recall": 0.2794625461101532,
  "val_damage_pixel_accuracy": 0.9679047465324402,
  "val_damage_macro_f1": 0.41215232014656067,
  "val_damage_dice_background": 0.9828022718429565,
  "val_damage_iou_background": 0.9661862850189209,
  "val_damage_f1_background": 0.9828023910522461,
  "val_damage_dice_no_damage": 0.818301796913147,
  "val_damage_iou_no_damage": 0.6924794912338257,
  "val_damage_f1_no_damage": 0.8183017373085022,
  "val_damage_dice_minor_damage": 5.861321410866038e-12,
  "val_damage_iou_minor_damage": 5.861321410866038e-12,
  "val_damage_f1_minor_damage": 1.0001171091289507e-07,
  "val_damage_dice_major_damage": 6.865303030928471e-12,
  "val_damage_iou_major_damage": 6.865303030928471e-12,
  "val_damage_f1_major_damage": 1.0001371464340991e-07,
  "val_damage_dice_destroyed": 0.8303073644638062,
  "val_damage_iou_destroyed": 0.7098508477210999,
  "val_damage_f1_destroyed": 0.8303073048591614,
  "val_building_only_damage_mean_dice": 0.45527172088623047,
  "val_building_only_damage_mean_iou": 0.4179346561431885,
  "val_building_only_damage_frequency_weighted_iou": 0.8384544849395752,
  "val_building_only_damage_rare_class_recall": 0.2794625461101532,
  "val_building_only_damage_pixel_accuracy": 0.8460009098052979,
  "val_building_only_damage_macro_f1": 0.45527178049087524,
  "val_building_only_damage_dice_background": 1.9836585987090954e-13,
  "val_building_only_damage_iou_background": 1.9836585987090954e-13,
  "val_building_only_damage_f1_background": 1.0000038486168705e-07,
  "val_building_only_damage_dice_no_damage": 0.9182397723197937,
  "val_building_only_damage_iou_no_damage": 0.8488385677337646,
  "val_building_only_damage_f1_no_damage": 0.9182397723197937,
  "val_building_only_damage_dice_minor_damage": 5.861321410866038e-12,
  "val_building_only_damage_iou_minor_damage": 5.861321410866038e-12,
  "val_building_only_damage_f1_minor_damage": 1.0001171091289507e-07,
  "val_building_only_damage_dice_major_damage": 6.865303030928471e-12,
  "val_building_only_damage_iou_major_damage": 6.865303030928471e-12,
  "val_building_only_damage_f1_major_damage": 1.0001371464340991e-07,
  "val_building_only_damage_dice_destroyed": 0.9028471112251282,
  "val_building_only_damage_iou_destroyed": 0.8228999972343445,
  "val_building_only_damage_f1_destroyed": 0.9028471112251282
}