{
  "checkpoint": "results/week12/week12_convnext_tiny_effective_no_sampler/checkpoints/week12_convnext_tiny_concat_ce_best.pt",
  "split": "val",
  "accuracy": 0.9616677165031433,
  "macro_f1": 0.5803038477897644,
  "weighted_f1": 0.9623339772224426,
  "precision_no_damage": 0.9901924729347229,
  "recall_no_damage": 0.970097005367279,
  "f1_no_damage": 0.9800417423248291,
  "support_no_damage": 11136.0,
  "predicted_no_damage": 10910.0,
  "precision_minor_damage": 0.08474576473236084,
  "recall_minor_damage": 0.07352941483259201,
  "f1_minor_damage": 0.07874015718698502,
  "support_minor_damage": 68.0,
  "predicted_minor_damage": 59.0,
  "precision_major_damage": 0.3877550959587097,
  "recall_major_damage": 0.3877550959587097,
  "f1_major_damage": 0.3877550959587097,
  "support_major_damage": 49.0,
  "predicted_major_damage": 49.0,
  "precision_destroyed": 0.8051421046257019,
  "recall_destroyed": 0.9573612213134766,
  "f1_destroyed": 0.8746784329414368,
  "support_destroyed": 1243.0,
  "predicted_destroyed": 1478.0
}