{
  "best_epoch": 35,
  "training_time_seconds": 17443.304672453,
  "train_pre_building_dice": 0.7406176924705505,
  "train_pre_building_iou": 0.5880802273750305,
  "train_pre_building_pixel_accuracy": 0.9768450856208801,
  "train_post_building_dice": 0.7394701242446899,
  "train_post_building_iou": 0.5866343975067139,
  "train_post_building_pixel_accuracy": 0.9766492247581482,
  "train_damage_mean_dice": 0.5884232521057129,
  "train_damage_mean_iou": 0.42651551961898804,
  "train_damage_frequency_weighted_iou": 0.019685707986354828,
  "train_damage_rare_class_recall": 0.5923855304718018,
  "train_damage_pixel_accuracy": 0.9763162136077881,
  "train_damage_macro_f1": 0.5884232521057129,
  "train_damage_dice_background": 0.9894545674324036,
  "train_damage_iou_background": 0.9791292548179626,
  "train_damage_f1_background": 0.9894545674324036,
  "train_damage_dice_no_damage": 0.7136468887329102,
  "train_damage_iou_no_damage": 0.554783046245575,
  "train_damage_f1_no_damage": 0.7136469483375549,
  "train_damage_dice_minor_damage": 0.4142381548881531,
  "train_damage_iou_minor_damage": 0.2612234354019165,
  "train_damage_f1_minor_damage": 0.41423821449279785,
  "train_damage_dice_major_damage": 0.547971248626709,
  "train_damage_iou_major_damage": 0.37738317251205444,
  "train_damage_f1_major_damage": 0.5479713082313538,
  "train_damage_dice_destroyed": 0.6778367161750793,
  "train_damage_iou_destroyed": 0.5126724243164062,
  "train_damage_f1_destroyed": 0.6778367161750793,
  "train_building_only_damage_mean_dice": 0.7002764940261841,
  "train_building_only_damage_mean_iou": 0.5555599331855774,
  "train_building_only_damage_frequency_weighted_iou": 0.6678244471549988,
  "train_building_only_damage_rare_class_recall": 0.5923855304718018,
  "train_building_only_damage_pixel_accuracy": 0.7124410271644592,
  "train_building_only_damage_macro_f1": 0.7002764940261841,
  "train_building_only_damage_dice_background": 4.260141366193779e-14,
  "train_building_only_damage_iou_background": 4.260141366193779e-14,
  "train_building_only_damage_f1_background": 1.0000007222288332e-07,
  "train_building_only_damage_dice_no_damage": 0.8390836715698242,
  "train_building_only_damage_iou_no_damage": 0.7227770686149597,
  "train_building_only_damage_f1_no_damage": 0.839083731174469,
  "train_building_only_damage_dice_minor_damage": 0.498380571603775,
  "train_building_only_damage_iou_minor_damage": 0.3318953812122345,
  "train_building_only_damage_f1_minor_damage": 0.4983806014060974,
  "train_building_only_damage_dice_major_damage": 0.6492171883583069,
  "train_building_only_damage_iou_major_damage": 0.48062291741371155,
  "train_building_only_damage_f1_major_damage": 0.6492171883583069,
  "train_building_only_damage_dice_destroyed": 0.814424455165863,
  "train_building_only_damage_iou_destroyed": 0.6869443655014038,
  "train_building_only_damage_f1_destroyed": 0.814424455165863,
  "val_pre_building_dice": 0.7820637822151184,
  "val_pre_building_iou": 0.6421220898628235,
  "val_pre_building_pixel_accuracy": 0.9579270482063293,
  "val_post_building_dice": 0.7812414169311523,
  "val_post_building_iou": 0.6410140991210938,
  "val_post_building_pixel_accuracy": 0.957586407661438,
  "val_damage_mean_dice": 0.5277181267738342,
  "val_damage_mean_iou": 0.41207224130630493,
  "val_damage_frequency_weighted_iou": 0.0541100949048996,
  "val_damage_rare_class_recall": 0.4778062403202057,
  "val_damage_pixel_accuracy": 0.9593973755836487,
  "val_damage_macro_f1": 0.527718722820282,
  "val_damage_dice_background": 0.9782915115356445,
  "val_damage_iou_background": 0.9575052857398987,
  "val_damage_f1_background": 0.978291392326355,
  "val_damage_dice_no_damage": 0.7742449641227722,
  "val_damage_iou_no_damage": 0.6316474080085754,
  "val_damage_f1_no_damage": 0.774245023727417,
  "val_damage_dice_minor_damage": 0.020677438005805016,
  "val_damage_iou_minor_damage": 0.010446724481880665,
  "val_damage_f1_minor_damage": 0.020679781213402748,
  "val_damage_dice_major_damage": 0.5340726971626282,
  "val_damage_iou_major_damage": 0.3643241226673126,
  "val_damage_f1_major_damage": 0.5340726971626282,
  "val_damage_dice_destroyed": 0.781877338886261,
  "val_damage_iou_destroyed": 0.6418707966804504,
  "val_damage_f1_destroyed": 0.781877338886261,
  "val_building_only_damage_mean_dice": 0.6095105409622192,
  "val_building_only_damage_mean_iou": 0.5286850333213806,
  "val_building_only_damage_frequency_weighted_iou": 0.8064345717430115,
  "val_building_only_damage_rare_class_recall": 0.4778062403202057,
  "val_building_only_damage_pixel_accuracy": 0.8129172325134277,
  "val_building_only_damage_macro_f1": 0.6095110774040222,
  "val_building_only_damage_dice_background": 1.6540162794086155e-13,
  "val_building_only_damage_iou_background": 1.6540162794086155e-13,
  "val_building_only_damage_f1_background": 1.0000032091284083e-07,
  "val_building_only_damage_dice_no_damage": 0.8909485340118408,
  "val_building_only_damage_iou_no_damage": 0.8033427596092224,
  "val_building_only_damage_f1_no_damage": 0.8909485340118408,
  "val_building_only_damage_dice_minor_damage": 0.02261095866560936,
  "val_building_only_damage_iou_minor_damage": 0.011434754356741905,
  "val_building_only_damage_f1_minor_damage": 0.022613119333982468,
  "val_building_only_damage_dice_major_damage": 0.5841513276100159,
  "val_building_only_damage_iou_major_damage": 0.41258031129837036,
  "val_building_only_damage_f1_major_damage": 0.5841513276100159,
  "val_building_only_damage_dice_destroyed": 0.9403312802314758,
  "val_building_only_damage_iou_destroyed": 0.8873823285102844,
  "val_building_only_damage_f1_destroyed": 0.9403312802314758
}