{
  "best_epoch": 1,
  "training_time_seconds": 186.21889617499983,
  "train_mean_dice": 0.01106937788426876,
  "train_mean_iou": 0.005593239329755306,
  "train_frequency_weighted_iou": 0.0004752192471642047,
  "train_rare_class_recall": 0.028675930574536324,
  "train_pixel_accuracy": 0.9045295715332031,
  "train_macro_f1": 0.011130211874842644,
  "train_dice_background": 0.9511026740074158,
  "train_iou_background": 0.9067643880844116,
  "train_f1_background": 0.9511026740074158,
  "train_dice_no_damage": 0.019586369395256042,
  "train_iou_no_damage": 0.009890039451420307,
  "train_f1_no_damage": 0.019587606191635132,
  "train_dice_minor_damage": 0.0012079415610060096,
  "train_iou_minor_damage": 0.0006043358007445931,
  "train_f1_minor_damage": 0.0012147164670750499,
  "train_dice_major_damage": 0.00021283199021127075,
  "train_iou_major_damage": 0.00010642732377164066,
  "train_f1_major_damage": 0.0004470153944566846,
  "train_dice_destroyed": 0.023270366713404655,
  "train_iou_destroyed": 0.011772154830396175,
  "train_f1_destroyed": 0.023271506652235985,
  "val_mean_dice": 3.2599071012051617e-12,
  "val_mean_iou": 3.2599071012051617e-12,
  "val_frequency_weighted_iou": 9.908304272811686e-15,
  "val_rare_class_recall": 4.335746605493851e-12,
  "val_pixel_accuracy": 0.9139094948768616,
  "val_macro_f1": 1.0000650263464195e-07,
  "val_dice_background": 0.9550185203552246,
  "val_iou_background": 0.9139094948768616,
  "val_f1_background": 0.9550185203552246,
  "val_dice_no_damage": 3.2388642549202595e-14,
  "val_iou_no_damage": 3.2388642549202595e-14,
  "val_f1_no_damage": 1.0000005090660125e-07,
  "val_dice_minor_damage": 5.861321410866038e-12,
  "val_iou_minor_damage": 5.861321410866038e-12,
  "val_f1_minor_damage": 1.0001171091289507e-07,
  "val_dice_major_damage": 6.865303030928471e-12,
  "val_iou_major_damage": 6.865303030928471e-12,
  "val_f1_major_damage": 1.0001371464340991e-07,
  "val_dice_destroyed": 2.8061588968307516e-13,
  "val_iou_destroyed": 2.8061588968307516e-13,
  "val_f1_destroyed": 1.0000054828651628e-07
}