{
  "best_epoch": 23,
  "val_loss": 0.19655122653946824,
  "accuracy": 0.9431017637252808,
  "macro_f1": 0.5067139267921448,
  "weighted_f1": 0.9523810148239136,
  "precision_no_damage": 0.9843822121620178,
  "recall_no_damage": 0.9565373659133911,
  "f1_no_damage": 0.9702600240707397,
  "support_no_damage": 11136.0,
  "predicted_no_damage": 10821.0,
  "precision_minor_damage": 0.018633540719747543,
  "recall_minor_damage": 0.04411764815449715,
  "f1_minor_damage": 0.026200873777270317,
  "support_minor_damage": 68.0,
  "predicted_minor_damage": 161.0,
  "precision_major_damage": 0.09545454382896423,
  "recall_major_damage": 0.4285714328289032,
  "f1_major_damage": 0.15613383054733276,
  "support_major_damage": 49.0,
  "predicted_major_damage": 220.0,
  "precision_destroyed": 0.8570324778556824,
  "recall_destroyed": 0.8921962976455688,
  "f1_destroyed": 0.8742609620094299,
  "support_destroyed": 1243.0,
  "predicted_destroyed": 1294.0
}