{
  "best_epoch": 7,
  "val_loss": 0.9133829839070282,
  "accuracy": 0.5507362484931946,
  "macro_f1": 0.40332740545272827,
  "weighted_f1": 0.6877710223197937,
  "precision_no_damage": 0.9900343418121338,
  "recall_no_damage": 0.5174209475517273,
  "f1_no_damage": 0.6796414256095886,
  "support_no_damage": 11136.0,
  "predicted_no_damage": 5820.0,
  "precision_minor_damage": 0.007786885369569063,
  "recall_minor_damage": 0.5588235259056091,
  "f1_minor_damage": 0.015359741635620594,
  "support_minor_damage": 68.0,
  "predicted_minor_damage": 4880.0,
  "precision_major_damage": 0.053995680063962936,
  "recall_major_damage": 0.5102040767669678,
  "f1_major_damage": 0.09765625,
  "support_major_damage": 49.0,
  "predicted_major_damage": 463.0,
  "precision_destroyed": 0.7929482460021973,
  "recall_destroyed": 0.8503620028495789,
  "f1_destroyed": 0.820652186870575,
  "support_destroyed": 1243.0,
  "predicted_destroyed": 1333.0
}