{
  "best_epoch": 18,
  "val_loss": 0.8542013314297742,
  "accuracy": 0.9485435485839844,
  "macro_f1": 0.494806706905365,
  "weighted_f1": 0.952355146408081,
  "precision_no_damage": 0.9856340289115906,
  "recall_no_damage": 0.9611170887947083,
  "f1_no_damage": 0.9732211828231812,
  "support_no_damage": 11136.0,
  "predicted_no_damage": 10859.0,
  "precision_minor_damage": 0.05232558026909828,
  "recall_minor_damage": 0.13235294818878174,
  "f1_minor_damage": 0.07500000298023224,
  "support_minor_damage": 68.0,
  "predicted_minor_damage": 172.0,
  "precision_major_damage": 0.1304347813129425,
  "recall_major_damage": 0.06122449040412903,
  "f1_major_damage": 0.0833333358168602,
  "support_major_damage": 49.0,
  "predicted_major_damage": 23.0,
  "precision_destroyed": 0.7891817092895508,
  "recall_destroyed": 0.9155269265174866,
  "f1_destroyed": 0.8476722240447998,
  "support_destroyed": 1243.0,
  "predicted_destroyed": 1442.0
}