{
  "best_epoch": 20,
  "training_time_seconds": 3763.568030339,
  "train_mean_dice": 0.3510500192642212,
  "train_mean_iou": 0.24936988949775696,
  "train_frequency_weighted_iou": 0.02421760931611061,
  "train_rare_class_recall": 0.2576943635940552,
  "train_pixel_accuracy": 0.9666381478309631,
  "train_macro_f1": 0.3510507345199585,
  "train_dice_background": 0.9834324717521667,
  "train_iou_background": 0.967404842376709,
  "train_f1_background": 0.983432412147522,
  "train_dice_no_damage": 0.6328349113464355,
  "train_iou_no_damage": 0.46288108825683594,
  "train_f1_no_damage": 0.6328349113464355,
  "train_dice_minor_damage": 0.012541571632027626,
  "train_iou_minor_damage": 0.00631035678088665,
  "train_f1_minor_damage": 0.012544181197881699,
  "train_dice_major_damage": 0.1296587735414505,
  "train_iou_major_damage": 0.0693235918879509,
  "train_f1_major_damage": 0.12965910136699677,
  "train_dice_destroyed": 0.6291647553443909,
  "train_iou_destroyed": 0.4589645564556122,
  "train_f1_destroyed": 0.6291648149490356,
  "val_mean_dice": 0.4226033687591553,
  "val_mean_iou": 0.3285738527774811,
  "val_frequency_weighted_iou": 0.0529443696141243,
  "val_rare_class_recall": 0.335943341255188,
  "val_pixel_accuracy": 0.9564896821975708,
  "val_macro_f1": 0.4226042926311493,
  "val_dice_background": 0.9764339923858643,
  "val_iou_background": 0.9539530277252197,
  "val_f1_background": 0.9764339327812195,
  "val_dice_no_damage": 0.7678561210632324,
  "val_iou_no_damage": 0.6231870651245117,
  "val_f1_no_damage": 0.7678561210632324,
  "val_dice_minor_damage": 0.004308023490011692,
  "val_iou_minor_damage": 0.0021586616057902575,
  "val_f1_minor_damage": 0.004311474971473217,
  "val_dice_major_damage": 0.1725284904241562,
  "val_iou_major_damage": 0.0944083034992218,
  "val_f1_major_damage": 0.17252862453460693,
  "val_dice_destroyed": 0.7457208633422852,
  "val_iou_destroyed": 0.5945414304733276,
  "val_f1_destroyed": 0.7457209229469299
}