{
  "best_epoch": 19,
  "train_dice": 0.6567180889124735,
  "train_iou": 0.5179666133626223,
  "train_loss": 0.23735546671179694,
  "val_dice": 0.7108623939891194,
  "val_f1": 0.7108623939891194,
  "val_iou": 0.5733780400004498,
  "val_loss": 0.2019861437553583,
  "val_precision": 0.7781348581923995,
  "val_recall": 0.6903318669213805
}