{
  "best_epoch": 26,
  "training_time_seconds": 9558.996859757,
  "train_pre_building_dice": 0.6968463063240051,
  "train_pre_building_iou": 0.5347384214401245,
  "train_pre_building_pixel_accuracy": 0.9662895202636719,
  "train_post_building_dice": 0.6965177655220032,
  "train_post_building_iou": 0.5343515872955322,
  "train_post_building_pixel_accuracy": 0.9661673307418823,
  "train_damage_mean_dice": 0.48146218061447144,
  "train_damage_mean_iou": 0.322338342666626,
  "train_damage_frequency_weighted_iou": 0.01872180588543415,
  "train_damage_rare_class_recall": 0.7140052914619446,
  "train_damage_pixel_accuracy": 0.9470594525337219,
  "train_damage_macro_f1": 0.4814622402191162,
  "train_damage_dice_background": 0.9742013812065125,
  "train_damage_iou_background": 0.9497005343437195,
  "train_damage_f1_background": 0.9742014408111572,
  "train_damage_dice_no_damage": 0.6147501468658447,
  "train_damage_iou_no_damage": 0.44378283619880676,
  "train_damage_f1_no_damage": 0.6147501468658447,
  "train_damage_dice_minor_damage": 0.36031627655029297,
  "train_damage_iou_minor_damage": 0.2197474241256714,
  "train_damage_f1_minor_damage": 0.36031633615493774,
  "train_damage_dice_major_damage": 0.43126726150512695,
  "train_damage_iou_major_damage": 0.274914413690567,
  "train_damage_f1_major_damage": 0.43126729130744934,
  "train_damage_dice_destroyed": 0.5195150375366211,
  "train_damage_iou_destroyed": 0.35090869665145874,
  "train_damage_f1_destroyed": 0.5195150971412659,
  "train_building_only_damage_mean_dice": 0.756447434425354,
  "train_building_only_damage_mean_iou": 0.626697301864624,
  "train_building_only_damage_frequency_weighted_iou": 0.7454118728637695,
  "train_building_only_damage_rare_class_recall": 0.7140052914619446,
  "train_building_only_damage_pixel_accuracy": 0.8043020367622375,
  "train_building_only_damage_macro_f1": 0.756447434425354,
  "train_building_only_damage_dice_background": 1.0648459111001207e-13,
  "train_building_only_damage_iou_background": 1.0648459111001207e-13,
  "train_building_only_damage_f1_background": 1.0000020012057576e-07,
  "train_building_only_damage_dice_no_damage": 0.8867950439453125,
  "train_building_only_damage_iou_no_damage": 0.7966143488883972,
  "train_building_only_damage_f1_no_damage": 0.8867950439453125,
  "train_building_only_damage_dice_minor_damage": 0.5483217239379883,
  "train_building_only_damage_iou_minor_damage": 0.3777157664299011,
  "train_building_only_damage_f1_minor_damage": 0.5483217835426331,
  "train_building_only_damage_dice_major_damage": 0.7229581475257874,
  "train_building_only_damage_iou_major_damage": 0.566119372844696,
  "train_building_only_damage_f1_major_damage": 0.7229582071304321,
  "train_building_only_damage_dice_destroyed": 0.8677149415016174,
  "train_building_only_damage_iou_destroyed": 0.7663396596908569,
  "train_building_only_damage_f1_destroyed": 0.8677150011062622,
  "val_pre_building_dice": 0.7266959547996521,
  "val_pre_building_iou": 0.5707167387008667,
  "val_pre_building_pixel_accuracy": 0.9399635195732117,
  "val_post_building_dice": 0.7283004522323608,
  "val_post_building_iou": 0.5726984739303589,
  "val_post_building_pixel_accuracy": 0.9404873251914978,
  "val_damage_mean_dice": 0.4592028856277466,
  "val_damage_mean_iou": 0.3290918469429016,
  "val_damage_frequency_weighted_iou": 0.04291260614991188,
  "val_damage_rare_class_recall": 0.5024774074554443,
  "val_damage_pixel_accuracy": 0.9186121821403503,
  "val_damage_macro_f1": 0.4592030644416809,
  "val_damage_dice_background": 0.9541426301002502,
  "val_damage_iou_background": 0.9123067855834961,
  "val_damage_f1_background": 0.954142689704895,
  "val_damage_dice_no_damage": 0.6684693098068237,
  "val_damage_iou_no_damage": 0.5020307302474976,
  "val_damage_f1_no_damage": 0.6684693098068237,
  "val_damage_dice_minor_damage": 0.05883815884590149,
  "val_damage_iou_minor_damage": 0.030310794711112976,
  "val_damage_f1_minor_damage": 0.05883892625570297,
  "val_damage_dice_major_damage": 0.4440487027168274,
  "val_damage_iou_major_damage": 0.2853872776031494,
  "val_damage_f1_major_damage": 0.4440487325191498,
  "val_damage_dice_destroyed": 0.6654553413391113,
  "val_damage_iou_destroyed": 0.4986385107040405,
  "val_damage_f1_destroyed": 0.6654554009437561,
  "val_building_only_damage_mean_dice": 0.6427206993103027,
  "val_building_only_damage_mean_iou": 0.5756502747535706,
  "val_building_only_damage_frequency_weighted_iou": 0.9436913728713989,
  "val_building_only_damage_rare_class_recall": 0.5024774074554443,
  "val_building_only_damage_pixel_accuracy": 0.9523434042930603,
  "val_building_only_damage_macro_f1": 0.6427208185195923,
  "val_building_only_damage_dice_background": 7.905325699608667e-13,
  "val_building_only_damage_iou_background": 7.905325699608667e-13,
  "val_building_only_damage_f1_background": 1.0000157146805577e-07,
  "val_building_only_damage_dice_no_damage": 0.9766244292259216,
  "val_building_only_damage_iou_no_damage": 0.9543167352676392,
  "val_building_only_damage_f1_no_damage": 0.9766244888305664,
  "val_building_only_damage_dice_minor_damage": 0.07331650704145432,
  "val_building_only_damage_iou_minor_damage": 0.03805321827530861,
  "val_building_only_damage_f1_minor_damage": 0.07331697642803192,
  "val_building_only_damage_dice_major_damage": 0.5639599561691284,
  "val_building_only_damage_iou_major_damage": 0.3927188217639923,
  "val_building_only_damage_f1_major_damage": 0.5639600157737732,
  "val_building_only_damage_dice_destroyed": 0.956981897354126,
  "val_building_only_damage_iou_destroyed": 0.9175122380256653,
  "val_building_only_damage_f1_destroyed": 0.9569819569587708
}