{
  "best_epoch": 11,
  "training_time_seconds": 2107.86858008,
  "train_mean_dice": 0.307774156332016,
  "train_mean_iou": 0.2160322666168213,
  "train_frequency_weighted_iou": 0.018448039889335632,
  "train_rare_class_recall": 0.21292555332183838,
  "train_pixel_accuracy": 0.969552755355835,
  "train_macro_f1": 0.30777448415756226,
  "train_dice_background": 0.9850336313247681,
  "train_iou_background": 0.9705085754394531,
  "train_f1_background": 0.9850336313247681,
  "train_dice_no_damage": 0.5891707539558411,
  "train_iou_no_damage": 0.417605996131897,
  "train_f1_no_damage": 0.5891708135604858,
  "train_dice_minor_damage": 1.2832029275960943e-12,
  "train_iou_minor_damage": 1.2832029275960943e-12,
  "train_f1_minor_damage": 1.0000255201703112e-07,
  "train_dice_major_damage": 0.0489618256688118,
  "train_iou_major_damage": 0.025095269083976746,
  "train_f1_major_damage": 0.0489627905189991,
  "train_dice_destroyed": 0.5929640531539917,
  "train_iou_destroyed": 0.42142781615257263,
  "train_f1_destroyed": 0.5929641723632812,
  "val_mean_dice": 0.3950856924057007,
  "val_mean_iou": 0.3029083013534546,
  "val_frequency_weighted_iou": 0.05052625760436058,
  "val_rare_class_recall": 0.3365848958492279,
  "val_pixel_accuracy": 0.9564862847328186,
  "val_macro_f1": 0.395085871219635,
  "val_dice_background": 0.9769168496131897,
  "val_iou_background": 0.9548752307891846,
  "val_f1_background": 0.9769168496131897,
  "val_dice_no_damage": 0.7476990818977356,
  "val_iou_no_damage": 0.5970602631568909,
  "val_f1_no_damage": 0.7476991415023804,
  "val_dice_minor_damage": 5.861321410866038e-12,
  "val_iou_minor_damage": 5.861321410866038e-12,
  "val_f1_minor_damage": 1.0001171091289507e-07,
  "val_dice_major_damage": 0.12445111572742462,
  "val_iou_major_damage": 0.06635450571775436,
  "val_f1_major_damage": 0.12445146590471268,
  "val_dice_destroyed": 0.7081926465034485,
  "val_iou_destroyed": 0.5482184290885925,
  "val_f1_destroyed": 0.7081927061080933
}