{
  "best_epoch": 44,
  "training_time_seconds": 13536.983675207,
  "train_pre_building_dice": 0.745387613773346,
  "train_pre_building_iou": 0.5941178798675537,
  "train_pre_building_pixel_accuracy": 0.9756999015808105,
  "train_post_building_dice": 0.7460643649101257,
  "train_post_building_iou": 0.5949782133102417,
  "train_post_building_pixel_accuracy": 0.9757960438728333,
  "train_damage_mean_dice": 0.5357611775398254,
  "train_damage_mean_iou": 0.39896732568740845,
  "train_damage_frequency_weighted_iou": 0.02385638654232025,
  "train_damage_rare_class_recall": 0.5142250061035156,
  "train_damage_pixel_accuracy": 0.9775646924972534,
  "train_damage_macro_f1": 0.5357612371444702,
  "train_damage_dice_background": 0.988913357257843,
  "train_damage_iou_background": 0.9780697226524353,
  "train_damage_f1_background": 0.9889132380485535,
  "train_damage_dice_no_damage": 0.745159924030304,
  "train_damage_iou_no_damage": 0.593828558921814,
  "train_damage_f1_no_damage": 0.745159924030304,
  "train_damage_dice_minor_damage": 0.14997272193431854,
  "train_damage_iou_minor_damage": 0.08106514066457748,
  "train_damage_f1_minor_damage": 0.14997299015522003,
  "train_damage_dice_major_damage": 0.5283795595169067,
  "train_damage_iou_major_damage": 0.359046071767807,
  "train_damage_f1_major_damage": 0.5283795595169067,
  "train_damage_dice_destroyed": 0.7195324897766113,
  "train_damage_iou_destroyed": 0.5619295239448547,
  "train_damage_f1_destroyed": 0.7195324897766113,
  "train_building_only_damage_mean_dice": 0.6273813843727112,
  "train_building_only_damage_mean_iou": 0.516316831111908,
  "train_building_only_damage_frequency_weighted_iou": 0.7615766525268555,
  "train_building_only_damage_rare_class_recall": 0.5142250061035156,
  "train_building_only_damage_pixel_accuracy": 0.7787556052207947,
  "train_building_only_damage_macro_f1": 0.627381443977356,
  "train_building_only_damage_dice_background": 7.131761950744317e-14,
  "train_building_only_damage_iou_background": 7.131761950744317e-14,
  "train_building_only_damage_f1_background": 1.0000012906630218e-07,
  "train_building_only_damage_dice_no_damage": 0.8730747103691101,
  "train_building_only_damage_iou_no_damage": 0.7747405767440796,
  "train_building_only_damage_f1_no_damage": 0.8730747103691101,
  "train_building_only_damage_dice_minor_damage": 0.1698310673236847,
  "train_building_only_damage_iou_minor_damage": 0.09279529005289078,
  "train_building_only_damage_f1_minor_damage": 0.1698312908411026,
  "train_building_only_damage_dice_major_damage": 0.5918251872062683,
  "train_building_only_damage_iou_major_damage": 0.4202782213687897,
  "train_building_only_damage_f1_major_damage": 0.5918252468109131,
  "train_building_only_damage_dice_destroyed": 0.8747945427894592,
  "train_building_only_damage_iou_destroyed": 0.7774531841278076,
  "train_building_only_damage_f1_destroyed": 0.874794602394104,
  "val_pre_building_dice": 0.7848559617996216,
  "val_pre_building_iou": 0.6458954215049744,
  "val_pre_building_pixel_accuracy": 0.9574614763259888,
  "val_post_building_dice": 0.7830008864402771,
  "val_post_building_iou": 0.6433865427970886,
  "val_post_building_pixel_accuracy": 0.9568474292755127,
  "val_damage_mean_dice": 0.5277367830276489,
  "val_damage_mean_iou": 0.41137978434562683,
  "val_damage_frequency_weighted_iou": 0.055763162672519684,
  "val_damage_rare_class_recall": 0.48178085684776306,
  "val_damage_pixel_accuracy": 0.9604580402374268,
  "val_damage_macro_f1": 0.527737021446228,
  "val_damage_dice_background": 0.9786550402641296,
  "val_damage_iou_background": 0.9582024216651917,
  "val_damage_f1_background": 0.9786551594734192,
  "val_damage_dice_no_damage": 0.7888317704200745,
  "val_damage_iou_no_damage": 0.6512982845306396,
  "val_damage_f1_no_damage": 0.7888318300247192,
  "val_damage_dice_minor_damage": 0.06454668194055557,
  "val_damage_iou_minor_damage": 0.033349648118019104,
  "val_damage_f1_minor_damage": 0.06454738974571228,
  "val_damage_dice_major_damage": 0.462100625038147,
  "val_damage_iou_major_damage": 0.30047520995140076,
  "val_damage_f1_major_damage": 0.46210065484046936,
  "val_damage_dice_destroyed": 0.7954680323600769,
  "val_damage_iou_destroyed": 0.6603959798812866,
  "val_damage_f1_destroyed": 0.7954681515693665,
  "val_building_only_damage_mean_dice": 0.6156771183013916,
  "val_building_only_damage_mean_iou": 0.5342317223548889,
  "val_building_only_damage_frequency_weighted_iou": 0.8529185652732849,
  "val_building_only_damage_rare_class_recall": 0.48178085684776306,
  "val_building_only_damage_pixel_accuracy": 0.8589760661125183,
  "val_building_only_damage_macro_f1": 0.6156772375106812,
  "val_building_only_damage_dice_background": 2.1981501091995065e-13,
  "val_building_only_damage_iou_background": 2.1981501091995065e-13,
  "val_building_only_damage_f1_background": 1.000004274942512e-07,
  "val_building_only_damage_dice_no_damage": 0.9225877523422241,
  "val_building_only_damage_iou_no_damage": 0.8562996983528137,
  "val_building_only_damage_f1_no_damage": 0.9225878119468689,
  "val_building_only_damage_dice_minor_damage": 0.07303348928689957,
  "val_building_only_damage_iou_minor_damage": 0.03790075704455376,
  "val_building_only_damage_f1_minor_damage": 0.07303406298160553,
  "val_building_only_damage_dice_major_damage": 0.5293377041816711,
  "val_building_only_damage_iou_major_damage": 0.35993149876594543,
  "val_building_only_damage_f1_major_damage": 0.5293377637863159,
  "val_building_only_damage_dice_destroyed": 0.937749445438385,
  "val_building_only_damage_iou_destroyed": 0.8827950358390808,
  "val_building_only_damage_f1_destroyed": 0.9377495050430298
}