{
  "checkpoint": "results/week12/week12_resnet34_effective_no_sampler/checkpoints/week12_resnet34_concat_ce_best.pt",
  "split": "val",
  "accuracy": 0.969830334186554,
  "macro_f1": 0.5699111223220825,
  "weighted_f1": 0.9692415595054626,
  "precision_no_damage": 0.9864742755889893,
  "recall_no_damage": 0.9823994040489197,
  "f1_no_damage": 0.9844326376914978,
  "support_no_damage": 11136.0,
  "predicted_no_damage": 11090.0,
  "precision_minor_damage": 0.06818182021379471,
  "recall_minor_damage": 0.04411764815449715,
  "f1_minor_damage": 0.0535714291036129,
  "support_minor_damage": 68.0,
  "predicted_minor_damage": 44.0,
  "precision_major_damage": 0.3207547068595886,
  "recall_major_damage": 0.3469387888908386,
  "f1_major_damage": 0.3333333432674408,
  "support_major_damage": 49.0,
  "predicted_major_damage": 53.0,
  "precision_destroyed": 0.8854086995124817,
  "recall_destroyed": 0.9324215650558472,
  "f1_destroyed": 0.9083071947097778,
  "support_destroyed": 1243.0,
  "predicted_destroyed": 1309.0
}