{
  "best_epoch": 35,
  "training_time_seconds": 10970.56483464,
  "train_pre_building_dice": 0.7462919354438782,
  "train_pre_building_iou": 0.5952677726745605,
  "train_pre_building_pixel_accuracy": 0.9750118851661682,
  "train_post_building_dice": 0.7469915151596069,
  "train_post_building_iou": 0.5961584448814392,
  "train_post_building_pixel_accuracy": 0.9751443862915039,
  "train_damage_mean_dice": 0.4517386555671692,
  "train_damage_mean_iou": 0.3402421176433563,
  "train_damage_frequency_weighted_iou": 0.024528950452804565,
  "train_damage_rare_class_recall": 0.4331997334957123,
  "train_damage_pixel_accuracy": 0.9771040081977844,
  "train_damage_macro_f1": 0.45173901319503784,
  "train_damage_dice_background": 0.9886786341667175,
  "train_damage_iou_background": 0.9776105880737305,
  "train_damage_f1_background": 0.988678514957428,
  "train_damage_dice_no_damage": 0.7502952814102173,
  "train_damage_iou_no_damage": 0.6003780364990234,
  "train_damage_f1_no_damage": 0.7502952814102173,
  "train_damage_dice_minor_damage": 0.006975362077355385,
  "train_damage_iou_minor_damage": 0.003499887650832534,
  "train_damage_f1_minor_damage": 0.006976674310863018,
  "train_damage_dice_major_damage": 0.33530309796333313,
  "train_damage_iou_major_damage": 0.2014199048280716,
  "train_damage_f1_major_damage": 0.3353031873703003,
  "train_damage_dice_destroyed": 0.7143808603286743,
  "train_damage_iou_destroyed": 0.5556706786155701,
  "train_damage_f1_destroyed": 0.7143809199333191,
  "train_building_only_damage_mean_dice": 0.5419796705245972,
  "train_building_only_damage_mean_iou": 0.4534700810909271,
  "train_building_only_damage_frequency_weighted_iou": 0.7673332095146179,
  "train_building_only_damage_rare_class_recall": 0.4331997334957123,
  "train_building_only_damage_pixel_accuracy": 0.7853214740753174,
  "train_building_only_damage_macro_f1": 0.5419799089431763,
  "train_building_only_damage_dice_background": 7.22298604391089e-14,
  "train_building_only_damage_iou_background": 7.22298604391089e-14,
  "train_building_only_damage_f1_background": 1.0000012906630218e-07,
  "train_building_only_damage_dice_no_damage": 0.8814537525177002,
  "train_building_only_damage_iou_no_damage": 0.7880351543426514,
  "train_building_only_damage_f1_no_damage": 0.881453812122345,
  "train_building_only_damage_dice_minor_damage": 0.007086512632668018,
  "train_building_only_damage_iou_minor_damage": 0.0035558557137846947,
  "train_building_only_damage_f1_minor_damage": 0.007087414152920246,
  "train_building_only_damage_dice_major_damage": 0.41591718792915344,
  "train_building_only_damage_iou_major_damage": 0.26256024837493896,
  "train_building_only_damage_f1_major_damage": 0.41591718792915344,
  "train_building_only_damage_dice_destroyed": 0.8634613752365112,
  "train_building_only_damage_iou_destroyed": 0.7597290277481079,
  "train_building_only_damage_f1_destroyed": 0.8634613752365112,
  "val_pre_building_dice": 0.780674159526825,
  "val_pre_building_iou": 0.6402506232261658,
  "val_pre_building_pixel_accuracy": 0.956015944480896,
  "val_post_building_dice": 0.7819226980209351,
  "val_post_building_iou": 0.64193195104599,
  "val_post_building_pixel_accuracy": 0.9564424753189087,
  "val_damage_mean_dice": 0.5085052251815796,
  "val_damage_mean_iou": 0.4010186791419983,
  "val_damage_frequency_weighted_iou": 0.0560852512717247,
  "val_damage_rare_class_recall": 0.45870915055274963,
  "val_damage_pixel_accuracy": 0.9616794586181641,
  "val_damage_macro_f1": 0.5085057020187378,
  "val_damage_dice_background": 0.9793063402175903,
  "val_damage_iou_background": 0.9594519734382629,
  "val_damage_f1_background": 0.9793063998222351,
  "val_damage_dice_no_damage": 0.7918134331703186,
  "val_damage_iou_no_damage": 0.6553734540939331,
  "val_damage_f1_no_damage": 0.7918134331703186,
  "val_damage_dice_minor_damage": 0.002076843287795782,
  "val_damage_iou_minor_damage": 0.0010395010467618704,
  "val_damage_f1_minor_damage": 0.0020783329382538795,
  "val_damage_dice_major_damage": 0.4421958923339844,
  "val_damage_iou_major_damage": 0.28385844826698303,
  "val_damage_f1_major_damage": 0.44219595193862915,
  "val_damage_dice_destroyed": 0.797934889793396,
  "val_damage_iou_destroyed": 0.6638033390045166,
  "val_damage_f1_destroyed": 0.797934889793396,
  "val_building_only_damage_mean_dice": 0.5885723233222961,
  "val_building_only_damage_mean_iou": 0.5155415534973145,
  "val_building_only_damage_frequency_weighted_iou": 0.8432471752166748,
  "val_building_only_damage_rare_class_recall": 0.45870915055274963,
  "val_building_only_damage_pixel_accuracy": 0.8499226570129395,
  "val_building_only_damage_macro_f1": 0.58857262134552,
  "val_building_only_damage_dice_background": 2.0387734740463098e-13,
  "val_building_only_damage_iou_background": 2.0387734740463098e-13,
  "val_building_only_damage_f1_background": 1.0000039196711441e-07,
  "val_building_only_damage_dice_no_damage": 0.9162811040878296,
  "val_building_only_damage_iou_no_damage": 0.8454970717430115,
  "val_building_only_damage_f1_no_damage": 0.9162811636924744,
  "val_building_only_damage_dice_minor_damage": 0.0020856265909969807,
  "val_building_only_damage_iou_minor_damage": 0.001043901895172894,
  "val_building_only_damage_f1_minor_damage": 0.0020867225248366594,
  "val_building_only_damage_dice_major_damage": 0.49691370129585266,
  "val_building_only_damage_iou_major_damage": 0.33059558272361755,
  "val_building_only_damage_f1_major_damage": 0.49691373109817505,
  "val_building_only_damage_dice_destroyed": 0.9390087723731995,
  "val_building_only_damage_iou_destroyed": 0.8850297331809998,
  "val_building_only_damage_f1_destroyed": 0.9390088319778442
}