{
  "best_epoch": 23,
  "val_loss": 1.0663153449635563,
  "accuracy": 0.5947503447532654,
  "macro_f1": 0.3681834936141968,
  "weighted_f1": 0.705253005027771,
  "precision_no_damage": 0.9921436309814453,
  "recall_no_damage": 0.5556752681732178,
  "f1_no_damage": 0.7123697400093079,
  "support_no_damage": 11136.0,
  "predicted_no_damage": 6237.0,
  "precision_minor_damage": 0.008254356682300568,
  "recall_minor_damage": 0.3970588147640228,
  "f1_minor_damage": 0.016172505915164948,
  "support_minor_damage": 68.0,
  "predicted_minor_damage": 3271.0,
  "precision_major_damage": 0.020506635308265686,
  "recall_major_damage": 0.3469387888908386,
  "f1_major_damage": 0.038724374026060104,
  "support_major_damage": 49.0,
  "predicted_major_damage": 829.0,
  "precision_destroyed": 0.5558128952980042,
  "recall_destroyed": 0.9654062986373901,
  "f1_destroyed": 0.7054673433303833,
  "support_destroyed": 1243.0,
  "predicted_destroyed": 2159.0
}