{
  "best_epoch": 25,
  "val_loss": 0.16856811396406055,
  "accuracy": 0.9598271250724792,
  "macro_f1": 0.5793319940567017,
  "weighted_f1": 0.9596571922302246,
  "precision_no_damage": 0.9883742332458496,
  "recall_no_damage": 0.9695581793785095,
  "f1_no_damage": 0.9788758158683777,
  "support_no_damage": 11136.0,
  "predicted_no_damage": 10924.0,
  "precision_minor_damage": 0.08571428805589676,
  "recall_minor_damage": 0.04411764815449715,
  "f1_minor_damage": 0.058252427726984024,
  "support_minor_damage": 68.0,
  "predicted_minor_damage": 35.0,
  "precision_major_damage": 0.46341463923454285,
  "recall_major_damage": 0.3877550959587097,
  "f1_major_damage": 0.42222222685813904,
  "support_major_damage": 49.0,
  "predicted_major_damage": 41.0,
  "precision_destroyed": 0.7854278087615967,
  "recall_destroyed": 0.945293664932251,
  "f1_destroyed": 0.8579773902893066,
  "support_destroyed": 1243.0,
  "predicted_destroyed": 1496.0
}