{
  "split": "val",
  "stage1_checkpoint": "results/week12/week12_hierarchical_stage1_convnext/checkpoints/week12_stage1_best.pt",
  "stage2_checkpoint": "results/week12/week12_hierarchical_stage2_convnext/checkpoints/week12_stage2_best.pt",
  "damaged_threshold": 0.65,
  "accuracy": 0.9442221522331238,
  "macro_f1": 0.5292885303497314,
  "weighted_f1": 0.9484683275222778,
  "precision_no_damage": 0.9907251000404358,
  "recall_no_damage": 0.9496228694915771,
  "f1_no_damage": 0.9697386622428894,
  "support_no_damage": 11136.0,
  "predicted_no_damage": 10674.0,
  "precision_minor_damage": 0.04615384712815285,
  "recall_minor_damage": 0.04411764815449715,
  "f1_minor_damage": 0.04511278122663498,
  "support_minor_damage": 68.0,
  "predicted_minor_damage": 65.0,
  "precision_major_damage": 0.1846153885126114,
  "recall_major_damage": 0.4897959232330322,
  "f1_major_damage": 0.2681564390659332,
  "support_major_damage": 49.0,
  "predicted_major_damage": 130.0,
  "precision_destroyed": 0.7357099056243896,
  "recall_destroyed": 0.962992787361145,
  "f1_destroyed": 0.8341463208198547,
  "support_destroyed": 1243.0,
  "predicted_destroyed": 1627.0
}