{
  "best_epoch": 20,
  "val_loss": 0.1789977020519071,
  "accuracy": 0.9529411792755127,
  "macro_f1": 0.7426843643188477,
  "precision_minor_damage": 0.7799999713897705,
  "recall_minor_damage": 0.5735294222831726,
  "f1_minor_damage": 0.6610169410705566,
  "support_minor_damage": 68.0,
  "predicted_minor_damage": 50.0,
  "precision_major_damage": 0.6279069781303406,
  "recall_major_damage": 0.5510203838348389,
  "f1_major_damage": 0.5869565010070801,
  "support_major_damage": 49.0,
  "predicted_major_damage": 43.0,
  "precision_destroyed": 0.9707971811294556,
  "recall_destroyed": 0.9895414113998413,
  "f1_destroyed": 0.980079710483551,
  "support_destroyed": 1243.0,
  "predicted_destroyed": 1267.0
}