{
  "split": "val",
  "stage1_checkpoint": "results/week12/week12_hierarchical_stage1_convnext/checkpoints/week12_stage1_best.pt",
  "stage2_checkpoint": "results/week12/week12_hierarchical_stage2_convnext/checkpoints/week12_stage2_best.pt",
  "damaged_threshold": 0.5,
  "accuracy": 0.9264564514160156,
  "macro_f1": 0.5180644989013672,
  "weighted_f1": 0.9355348348617554,
  "precision_no_damage": 0.9924154877662659,
  "recall_no_damage": 0.9282507300376892,
  "f1_no_damage": 0.9592612981796265,
  "support_no_damage": 11136.0,
  "predicted_no_damage": 10416.0,
  "precision_minor_damage": 0.09259258955717087,
  "recall_minor_damage": 0.14705882966518402,
  "f1_minor_damage": 0.11363636702299118,
  "support_minor_damage": 68.0,
  "predicted_minor_damage": 108.0,
  "precision_major_damage": 0.12765957415103912,
  "recall_major_damage": 0.4897959232330322,
  "f1_major_damage": 0.20253165066242218,
  "support_major_damage": 49.0,
  "predicted_major_damage": 188.0,
  "precision_destroyed": 0.676008939743042,
  "recall_destroyed": 0.9702333211898804,
  "f1_destroyed": 0.79682856798172,
  "support_destroyed": 1243.0,
  "predicted_destroyed": 1784.0
}