{
  "best_epoch": 5,
  "val_loss": 2.3452136153760166,
  "accuracy": 0.021927015855908394,
  "macro_f1": 0.07337968051433563,
  "weighted_f1": 0.02660636231303215,
  "precision_no_damage": 0.0,
  "recall_no_damage": 0.0,
  "f1_no_damage": 0.0,
  "support_no_damage": 11136.0,
  "predicted_no_damage": 0.0,
  "precision_minor_damage": 0.0065093571320176125,
  "recall_minor_damage": 0.8235294222831726,
  "f1_minor_damage": 0.012916618958115578,
  "support_minor_damage": 68.0,
  "predicted_minor_damage": 8603.0,
  "precision_major_damage": 0.007295325398445129,
  "recall_major_damage": 0.5510203838348389,
  "f1_major_damage": 0.014399999752640724,
  "support_major_damage": 49.0,
  "predicted_major_damage": 3701.0,
  "precision_destroyed": 0.9947916865348816,
  "recall_destroyed": 0.15366050601005554,
  "f1_destroyed": 0.26620209217071533,
  "support_destroyed": 1243.0,
  "predicted_destroyed": 192.0
}