{
  "mode": "all_class_topology_prototype_validation",
  "feature_names": [
    "building_components_mean",
    "building_components_max",
    "building_holes_mean",
    "building_holes_max",
    "edge_components_mean",
    "edge_components_max",
    "edge_holes_mean",
    "edge_holes_max",
    "diff_components_mean",
    "diff_components_max",
    "diff_holes_mean",
    "diff_holes_max",
    "building_area_ratio",
    "edge_area_ratio",
    "diff_area_ratio",
    "edge_to_building_ratio",
    "diff_to_building_ratio",
    "diff_to_edge_ratio",
    "betti0_wasserstein_edge_diff",
    "betti1_wasserstein_edge_diff",
    "betti0_bottleneck_edge_diff",
    "betti1_bottleneck_edge_diff"
  ],
  "class_names": [
    "no_damage",
    "minor_damage",
    "major_damage",
    "destroyed"
  ],
  "prototype_class_indices": [
    0,
    1,
    2,
    3
  ],
  "class_prototypes": {
    "no_damage": [
      0.0011194521794095635,
      0.0011090466286987066,
      0.002555386396124959,
      0.0025499933399260044,
      -0.050150543451309204,
      -0.05029672756791115,
      -0.013509249314665794,
      -0.013474220409989357,
      0.11680305749177933,
      0.11682569235563278,
      -0.050459861755371094,
      -0.0504586361348629,
      0.035380370914936066,
      -0.05092412233352661,
      -0.031190676614642143,
      -0.04273800924420357,
      -0.031296711415052414,
      0.0006858399137854576,
      0.005616789683699608,
      -0.01564236730337143,
      0.005616789683699608,
      -0.01564236730337143
    ],
    "minor_damage": [
      -0.0056152259930968285,
      -0.005624890793114901,
      7.781411113683134e-05,
      7.734033715678379e-05,
      0.11386765539646149,
      0.11341822147369385,
      -0.03521290421485901,
      -0.03520693629980087,
      -0.612786591053009,
      -0.6127595901489258,
      0.015873724594712257,
      0.015869012102484703,
      -0.37174081802368164,
      0.04135749116539955,
      0.1260766088962555,
      0.23550882935523987,
      0.2436741590499878,
      -0.07112367451190948,
      -0.057047612965106964,
      0.06515801697969437,
      -0.057047612965106964,
      0.06515801697969437
    ],
    "major_damage": [
      -0.00561522226780653,
      -0.005624947138130665,
      -0.002903337124735117,
      -0.002902198350057006,
      -0.3121705651283264,
      -0.3119961619377136,
      -0.10569174587726593,
      -0.10567628592252731,
      -0.9152018427848816,
      -0.9151657223701477,
      -0.03284803777933121,
      -0.032843947410583496,
      -0.3769100308418274,
      -0.3444731533527374,
      0.06530217826366425,
      -0.13576586544513702,
      0.214791402220726,
      0.053378041833639145,
      0.007498490624129772,
      -0.006058920174837112,
      0.007498490624129772,
      -0.006058920174837112
    ],
    "destroyed": [
      -0.005615223199129105,
      -0.005624929443001747,
      -0.03881147503852844,
      -0.038797326385974884,
      0.9414563179016113,
      0.943577766418457,
      0.35995998978614807,
      0.3599265217781067,
      -0.25675445795059204,
      -0.2567365765571594,
      0.8251976370811462,
      0.8251378536224365,
      0.25824737548828125,
      1.0788155794143677,
      0.27918124198913574,
      0.5021036863327026,
      -0.009068702347576618,
      0.035140179097652435,
      -0.022033505141735077,
      0.17241495847702026,
      -0.022033505141735077,
      0.17241495847702026
    ]
  },
  "normalization_mean": [
    1.0000295639038086,
    1.000031590461731,
    0.006712375208735466,
    0.007159866858273745,
    19.542627334594727,
    20.794160842895508,
    0.46460282802581787,
    0.4955763518810272,
    19.474018096923828,
    20.70549964904785,
    1.1829304695129395,
    1.261792540550232,
    0.16858671605587006,
    0.0648212879896164,
    0.24938471615314484,
    0.437243789434433,
    1.8676958084106445,
    46682.52734375,
    0.25860682129859924,
    1.0897663831710815,
    0.25860682129859924,
    1.0897663831710815
  ],
  "normalization_std": [
    0.005265028215944767,
    0.005616029724478722,
    0.1138145849108696,
    0.12144458293914795,
    12.33167552947998,
    13.12966251373291,
    0.9782035946846008,
    1.043583631515503,
    9.215471267700195,
    9.83007526397705,
    1.6528812646865845,
    1.7632092237472534,
    0.07238484919071198,
    0.04385347291827202,
    0.09168670326471329,
    0.35394230484962463,
    1.3495935201644897,
    401840.78125,
    2.279332160949707,
    1.6144659519195557,
    2.279332160949707,
    1.6144659519195557
  ],
  "topology_validation_metrics": {
    "accuracy": 0.4753741582425208,
    "macro_f1": 0.31322210378879384,
    "weighted_f1": 0.5639266041619527,
    "precision_no_damage": 0.946062123873958,
    "recall_no_damage": 0.4786399137653889,
    "f1_no_damage": 0.6356741008639742,
    "support_no_damage": 52879.0,
    "predicted_no_damage": 26753.0,
    "precision_minor_damage": 0.1372299872935197,
    "recall_minor_damage": 0.24976873265494912,
    "f1_minor_damage": 0.17713629653928162,
    "support_minor_damage": 4324.0,
    "predicted_minor_damage": 7870.0,
    "precision_major_damage": 0.10637923964618358,
    "recall_major_damage": 0.6181075561606535,
    "f1_major_damage": 0.18151831675745914,
    "support_major_damage": 2938.0,
    "predicted_major_damage": 17071.0,
    "precision_destroyed": 0.16534357661118224,
    "recall_destroyed": 0.5927172582619339,
    "f1_destroyed": 0.2585597009944604,
    "support_destroyed": 3268.0,
    "predicted_destroyed": 11715.0
  },
  "topology_distance_threshold": 0.1787858009338379,
  "metrics": {
    "accuracy": 0.4753741582425208,
    "macro_f1": 0.31322210378879384,
    "weighted_f1": 0.5639266041619527,
    "precision_no_damage": 0.946062123873958,
    "recall_no_damage": 0.4786399137653889,
    "f1_no_damage": 0.6356741008639742,
    "support_no_damage": 52879.0,
    "predicted_no_damage": 26753.0,
    "precision_minor_damage": 0.1372299872935197,
    "recall_minor_damage": 0.24976873265494912,
    "f1_minor_damage": 0.17713629653928162,
    "support_minor_damage": 4324.0,
    "predicted_minor_damage": 7870.0,
    "precision_major_damage": 0.10637923964618358,
    "recall_major_damage": 0.6181075561606535,
    "f1_major_damage": 0.18151831675745914,
    "support_major_damage": 2938.0,
    "predicted_major_damage": 17071.0,
    "precision_destroyed": 0.16534357661118224,
    "recall_destroyed": 0.5927172582619339,
    "f1_destroyed": 0.2585597009944604,
    "support_destroyed": 3268.0,
    "predicted_destroyed": 11715.0
  },
  "legacy_no_minor_metrics": {
    "threshold": 0.1787858009338379,
    "f1": 0.2556107768767983,
    "precision": 0.16516800757217226,
    "recall": 0.5649861239592969
  },
  "score_definition": "nearest normalized topology prototype among all damage classes"
}