{
  "best_epoch": 14,
  "val_loss": 0.21142657625654593,
  "accuracy": 0.9643085598945618,
  "macro_f1": 0.8090401291847229,
  "weighted_f1": 0.9658186435699463,
  "precision_no_damage": 0.9698858857154846,
  "recall_no_damage": 0.9920079112052917,
  "f1_no_damage": 0.9808222055435181,
  "support_no_damage": 11136.0,
  "precision_minor_damage": 3.333333253863202e-08,
  "recall_minor_damage": 1.4705882067644893e-09,
  "f1_minor_damage": 0.7418181896209717,
  "support_minor_damage": 68.0,
  "precision_major_damage": 5.000000058430487e-08,
  "recall_major_damage": 2.0408164047580613e-09,
  "f1_major_damage": 0.6577180624008179,
  "support_major_damage": 49.0,
  "precision_destroyed": 0.9109899997711182,
  "recall_destroyed": 0.806918740272522,
  "f1_destroyed": 0.855802059173584,
  "support_destroyed": 1243.0
}