{
  "best_epoch": 32,
  "training_time_seconds": 11863.148866732,
  "train_pre_building_dice": 0.739653468132019,
  "train_pre_building_iou": 0.5868651270866394,
  "train_pre_building_pixel_accuracy": 0.9716488718986511,
  "train_post_building_dice": 0.7385445237159729,
  "train_post_building_iou": 0.5854701399803162,
  "train_post_building_pixel_accuracy": 0.971412181854248,
  "train_damage_mean_dice": 0.5839624404907227,
  "train_damage_mean_iou": 0.4227842688560486,
  "train_damage_frequency_weighted_iou": 0.02380818873643875,
  "train_damage_rare_class_recall": 0.6088387966156006,
  "train_damage_pixel_accuracy": 0.970744788646698,
  "train_damage_macro_f1": 0.5839624404907227,
  "train_damage_dice_background": 0.9868074655532837,
  "train_damage_iou_background": 0.9739586710929871,
  "train_damage_f1_background": 0.9868075251579285,
  "train_damage_dice_no_damage": 0.7139590382575989,
  "train_damage_iou_no_damage": 0.555160403251648,
  "train_damage_f1_no_damage": 0.7139590382575989,
  "train_damage_dice_minor_damage": 0.40579766035079956,
  "train_damage_iou_minor_damage": 0.2545458972454071,
  "train_damage_f1_minor_damage": 0.40579769015312195,
  "train_damage_dice_major_damage": 0.5357574820518494,
  "train_damage_iou_major_damage": 0.3658939301967621,
  "train_damage_f1_major_damage": 0.5357574820518494,
  "train_damage_dice_destroyed": 0.680335521697998,
  "train_damage_iou_destroyed": 0.5155367255210876,
  "train_damage_f1_destroyed": 0.6803355813026428,
  "train_building_only_damage_mean_dice": 0.708042562007904,
  "train_building_only_damage_mean_iou": 0.5675258636474609,
  "train_building_only_damage_frequency_weighted_iou": 0.6800329685211182,
  "train_building_only_damage_rare_class_recall": 0.6088387966156006,
  "train_building_only_damage_pixel_accuracy": 0.7255679368972778,
  "train_building_only_damage_macro_f1": 0.708042562007904,
  "train_building_only_damage_dice_background": 5.386303179194009e-14,
  "train_building_only_damage_iou_background": 5.386303179194009e-14,
  "train_building_only_damage_f1_background": 1.0000009353916539e-07,
  "train_building_only_damage_dice_no_damage": 0.8433001041412354,
  "train_building_only_damage_iou_no_damage": 0.7290569543838501,
  "train_building_only_damage_f1_no_damage": 0.8433000445365906,
  "train_building_only_damage_dice_minor_damage": 0.49737003445625305,
  "train_building_only_damage_iou_minor_damage": 0.3309996724128723,
  "train_building_only_damage_f1_minor_damage": 0.4973700940608978,
  "train_building_only_damage_dice_major_damage": 0.6445697546005249,
  "train_building_only_damage_iou_major_damage": 0.4755462408065796,
  "train_building_only_damage_f1_major_damage": 0.6445698142051697,
  "train_building_only_damage_dice_destroyed": 0.8469303250312805,
  "train_building_only_damage_iou_destroyed": 0.7345005869865417,
  "train_building_only_damage_f1_destroyed": 0.8469303250312805,
  "val_pre_building_dice": 0.7667210102081299,
  "val_pre_building_iou": 0.6216930747032166,
  "val_pre_building_pixel_accuracy": 0.9522005319595337,
  "val_post_building_dice": 0.7650096416473389,
  "val_post_building_iou": 0.6194458603858948,
  "val_post_building_pixel_accuracy": 0.9516164660453796,
  "val_damage_mean_dice": 0.5398874878883362,
  "val_damage_mean_iou": 0.4210793972015381,
  "val_damage_frequency_weighted_iou": 0.054258160293102264,
  "val_damage_rare_class_recall": 0.48964786529541016,
  "val_damage_pixel_accuracy": 0.9573558568954468,
  "val_damage_macro_f1": 0.5398877859115601,
  "val_damage_dice_background": 0.9769837260246277,
  "val_damage_iou_background": 0.9550032615661621,
  "val_damage_f1_background": 0.9769838452339172,
  "val_damage_dice_no_damage": 0.775396466255188,
  "val_damage_iou_no_damage": 0.6331815719604492,
  "val_damage_f1_no_damage": 0.775396466255188,
  "val_damage_dice_minor_damage": 0.04641696438193321,
  "val_damage_iou_minor_damage": 0.023759912699460983,
  "val_damage_f1_minor_damage": 0.04641799256205559,
  "val_damage_dice_major_damage": 0.554330587387085,
  "val_damage_iou_major_damage": 0.3834421634674072,
  "val_damage_f1_major_damage": 0.5543306469917297,
  "val_damage_dice_destroyed": 0.7834060788154602,
  "val_damage_iou_destroyed": 0.6439339518547058,
  "val_damage_f1_destroyed": 0.783406138420105,
  "val_building_only_damage_mean_dice": 0.6297729015350342,
  "val_building_only_damage_mean_iou": 0.5500469207763672,
  "val_building_only_damage_frequency_weighted_iou": 0.8534582257270813,
  "val_building_only_damage_rare_class_recall": 0.48964786529541016,
  "val_building_only_damage_pixel_accuracy": 0.86066073179245,
  "val_building_only_damage_macro_f1": 0.6297731399536133,
  "val_building_only_damage_dice_background": 2.2584375775763776e-13,
  "val_building_only_damage_iou_background": 2.2584375775763776e-13,
  "val_building_only_damage_f1_background": 1.0000044170510591e-07,
  "val_building_only_damage_dice_no_damage": 0.9230012893676758,
  "val_building_only_damage_iou_no_damage": 0.8570124506950378,
  "val_building_only_damage_f1_no_damage": 0.9230012893676758,
  "val_building_only_damage_dice_minor_damage": 0.0518229603767395,
  "val_building_only_damage_iou_minor_damage": 0.02660074457526207,
  "val_building_only_damage_f1_minor_damage": 0.05182385444641113,
  "val_building_only_damage_dice_major_damage": 0.6085161566734314,
  "val_building_only_damage_iou_major_damage": 0.43731456995010376,
  "val_building_only_damage_f1_major_damage": 0.6085161566734314,
  "val_building_only_damage_dice_destroyed": 0.9357513189315796,
  "val_building_only_damage_iou_destroyed": 0.8792600035667419,
  "val_building_only_damage_f1_destroyed": 0.9357513189315796
}