{
  "best_epoch": 19,
  "training_time_seconds": 3598.6549900180007,
  "train_mean_dice": 0.3541446626186371,
  "train_mean_iou": 0.26119744777679443,
  "train_frequency_weighted_iou": 0.02518261969089508,
  "train_rare_class_recall": 0.24327705800533295,
  "train_pixel_accuracy": 0.9700310826301575,
  "train_macro_f1": 0.3541448712348938,
  "train_dice_background": 0.9850650429725647,
  "train_iou_background": 0.9705697894096375,
  "train_f1_background": 0.9850651025772095,
  "train_dice_no_damage": 0.6589895486831665,
  "train_iou_no_damage": 0.4914126992225647,
  "train_f1_no_damage": 0.6589896082878113,
  "train_dice_minor_damage": 1.2515331652973583e-12,
  "train_iou_minor_damage": 1.2515331652973583e-12,
  "train_f1_minor_damage": 1.000024880681849e-07,
  "train_dice_major_damage": 0.08113165944814682,
  "train_iou_major_damage": 0.04228099435567856,
  "train_f1_major_damage": 0.08113221824169159,
  "train_dice_destroyed": 0.6764574646949768,
  "train_iou_destroyed": 0.511096179485321,
  "train_f1_destroyed": 0.6764575242996216,
  "val_mean_dice": 0.438113808631897,
  "val_mean_iou": 0.3465438485145569,
  "val_frequency_weighted_iou": 0.05366014689207077,
  "val_rare_class_recall": 0.36500754952430725,
  "val_pixel_accuracy": 0.9615516066551208,
  "val_macro_f1": 0.4381139278411865,
  "val_dice_background": 0.9794314503669739,
  "val_iou_background": 0.959692120552063,
  "val_f1_background": 0.9794314503669739,
  "val_dice_no_damage": 0.7696482539176941,
  "val_iou_no_damage": 0.6255514025688171,
  "val_f1_no_damage": 0.7696483135223389,
  "val_dice_minor_damage": 5.861321410866038e-12,
  "val_iou_minor_damage": 5.861321410866038e-12,
  "val_f1_minor_damage": 1.0001171091289507e-07,
  "val_dice_major_damage": 0.19142700731754303,
  "val_iou_major_damage": 0.10584422200918198,
  "val_f1_major_damage": 0.19142721593379974,
  "val_dice_destroyed": 0.791379988193512,
  "val_iou_destroyed": 0.654779851436615,
  "val_f1_destroyed": 0.7913800477981567
}