{
  "best_epoch": 47,
  "training_time_seconds": 15391.919561338998,
  "train_pre_building_dice": 0.7559285163879395,
  "train_pre_building_iou": 0.6076247096061707,
  "train_pre_building_pixel_accuracy": 0.961467981338501,
  "train_post_building_dice": 0.7568299770355225,
  "train_post_building_iou": 0.6087905168533325,
  "train_post_building_pixel_accuracy": 0.9617147445678711,
  "train_damage_mean_dice": 0.3672974705696106,
  "train_damage_mean_iou": 0.29103052616119385,
  "train_damage_frequency_weighted_iou": 0.040985748171806335,
  "train_damage_rare_class_recall": 0.22219419479370117,
  "train_damage_pixel_accuracy": 0.9699662923812866,
  "train_damage_macro_f1": 0.36729755997657776,
  "train_damage_dice_background": 0.9844713807106018,
  "train_damage_iou_background": 0.9694176912307739,
  "train_damage_f1_background": 0.9844713807106018,
  "train_damage_dice_no_damage": 0.7740676403045654,
  "train_damage_iou_no_damage": 0.6314113736152649,
  "train_damage_f1_no_damage": 0.7740676999092102,
  "train_damage_dice_minor_damage": 1.3130079705783726e-12,
  "train_damage_iou_minor_damage": 1.3130079705783726e-12,
  "train_damage_f1_minor_damage": 1.0000261596587734e-07,
  "train_damage_dice_major_damage": 1.8099547468425348e-12,
  "train_damage_iou_major_damage": 1.8099547468425348e-12,
  "train_damage_f1_major_damage": 1.0000360362028005e-07,
  "train_damage_dice_destroyed": 0.6951223015785217,
  "train_damage_iou_destroyed": 0.5327106714248657,
  "train_damage_f1_destroyed": 0.6951223015785217,
  "train_building_only_damage_mean_dice": 0.41013219952583313,
  "train_building_only_damage_mean_iou": 0.34896260499954224,
  "train_building_only_damage_frequency_weighted_iou": 0.7465357780456543,
  "train_building_only_damage_rare_class_recall": 0.22219419479370117,
  "train_building_only_damage_pixel_accuracy": 0.7577552199363708,
  "train_building_only_damage_macro_f1": 0.4101322889328003,
  "train_building_only_damage_dice_background": 3.734876245623832e-14,
  "train_building_only_damage_iou_background": 3.734876245623832e-14,
  "train_building_only_damage_f1_background": 1.0000006511745596e-07,
  "train_building_only_damage_dice_no_damage": 0.8666949272155762,
  "train_building_only_damage_iou_no_damage": 0.7647500038146973,
  "train_building_only_damage_f1_no_damage": 0.8666950464248657,
  "train_building_only_damage_dice_minor_damage": 1.3130079705783726e-12,
  "train_building_only_damage_iou_minor_damage": 1.3130079705783726e-12,
  "train_building_only_damage_f1_minor_damage": 1.0000261596587734e-07,
  "train_building_only_damage_dice_major_damage": 1.8099547468425348e-12,
  "train_building_only_damage_iou_major_damage": 1.8099547468425348e-12,
  "train_building_only_damage_f1_major_damage": 1.0000360362028005e-07,
  "train_building_only_damage_dice_destroyed": 0.7738338708877563,
  "train_building_only_damage_iou_destroyed": 0.6311003565788269,
  "train_building_only_damage_f1_destroyed": 0.7738338708877563,
  "val_pre_building_dice": 0.783463716506958,
  "val_pre_building_iou": 0.6440117955207825,
  "val_pre_building_pixel_accuracy": 0.9556278586387634,
  "val_post_building_dice": 0.784433126449585,
  "val_post_building_iou": 0.6453229188919067,
  "val_post_building_pixel_accuracy": 0.9559270739555359,
  "val_damage_mean_dice": 0.4051041603088379,
  "val_damage_mean_iou": 0.34048378467559814,
  "val_damage_frequency_weighted_iou": 0.058001868426799774,
  "val_damage_rare_class_recall": 0.28820374608039856,
  "val_damage_pixel_accuracy": 0.9661791920661926,
  "val_damage_macro_f1": 0.40510421991348267,
  "val_damage_dice_background": 0.9819194078445435,
  "val_damage_iou_background": 0.964480996131897,
  "val_damage_f1_background": 0.9819193482398987,
  "val_damage_dice_no_damage": 0.8092721700668335,
  "val_damage_iou_no_damage": 0.6796449422836304,
  "val_damage_f1_no_damage": 0.8092721700668335,
  "val_damage_dice_minor_damage": 5.861321410866038e-12,
  "val_damage_iou_minor_damage": 5.861321410866038e-12,
  "val_damage_f1_minor_damage": 1.0001171091289507e-07,
  "val_damage_dice_major_damage": 6.865303030928471e-12,
  "val_damage_iou_major_damage": 6.865303030928471e-12,
  "val_damage_f1_major_damage": 1.0001371464340991e-07,
  "val_damage_dice_destroyed": 0.8111444711685181,
  "val_damage_iou_destroyed": 0.6822901368141174,
  "val_damage_f1_destroyed": 0.8111445307731628,
  "val_building_only_damage_mean_dice": 0.4554881453514099,
  "val_building_only_damage_mean_iou": 0.41825371980667114,
  "val_building_only_damage_frequency_weighted_iou": 0.8285641074180603,
  "val_building_only_damage_rare_class_recall": 0.28820374608039856,
  "val_building_only_damage_pixel_accuracy": 0.8372487425804138,
  "val_building_only_damage_macro_f1": 0.45548826456069946,
  "val_building_only_damage_dice_background": 1.8883923287929538e-13,
  "val_building_only_damage_iou_background": 1.8883923287929538e-13,
  "val_building_only_damage_f1_background": 1.0000036354540498e-07,
  "val_building_only_damage_dice_no_damage": 0.9107264280319214,
  "val_building_only_damage_iou_no_damage": 0.836086094379425,
  "val_building_only_damage_f1_no_damage": 0.9107264876365662,
  "val_building_only_damage_dice_minor_damage": 5.861321410866038e-12,
  "val_building_only_damage_iou_minor_damage": 5.861321410866038e-12,
  "val_building_only_damage_f1_minor_damage": 1.0001171091289507e-07,
  "val_building_only_damage_dice_major_damage": 6.865303030928471e-12,
  "val_building_only_damage_iou_major_damage": 6.865303030928471e-12,
  "val_building_only_damage_f1_major_damage": 1.0001371464340991e-07,
  "val_building_only_damage_dice_destroyed": 0.911226212978363,
  "val_building_only_damage_iou_destroyed": 0.8369288444519043,
  "val_building_only_damage_f1_destroyed": 0.9112262725830078
}