{
  "split": "val",
  "stage1_checkpoint": "results/week12/week12_hierarchical_stage1_convnext/checkpoints/week12_stage1_best.pt",
  "stage2_checkpoint": "results/week12/week12_hierarchical_stage2_convnext/checkpoints/week12_stage2_best.pt",
  "damaged_threshold": 0.35,
  "accuracy": 0.9025288224220276,
  "macro_f1": 0.4935113191604614,
  "weighted_f1": 0.9180216789245605,
  "precision_no_damage": 0.9943435788154602,
  "recall_no_damage": 0.899784505367279,
  "f1_no_damage": 0.9447036981582642,
  "support_no_damage": 11136.0,
  "predicted_no_damage": 10077.0,
  "precision_minor_damage": 0.07428571581840515,
  "recall_minor_damage": 0.19117647409439087,
  "f1_minor_damage": 0.10699588805437088,
  "support_minor_damage": 68.0,
  "predicted_minor_damage": 175.0,
  "precision_major_damage": 0.10162601619958878,
  "recall_major_damage": 0.5102040767669678,
  "f1_major_damage": 0.16949152946472168,
  "support_major_damage": 49.0,
  "predicted_major_damage": 246.0,
  "precision_destroyed": 0.6106106042861938,
  "recall_destroyed": 0.9814963936805725,
  "f1_destroyed": 0.75285404920578,
  "support_destroyed": 1243.0,
  "predicted_destroyed": 1998.0
}