{
  "best_epoch": 9,
  "val_loss": 0.17717903975715815,
  "accuracy": 0.9636683464050293,
  "macro_f1": 0.5491057634353638,
  "weighted_f1": 0.9613242149353027,
  "precision_no_damage": 0.9839059710502625,
  "recall_no_damage": 0.9771910905838013,
  "f1_no_damage": 0.9805370569229126,
  "support_no_damage": 11136.0,
  "predicted_no_damage": 11060.0,
  "precision_minor_damage": 0.0,
  "recall_minor_damage": 0.0,
  "f1_minor_damage": 0.0,
  "support_minor_damage": 68.0,
  "predicted_minor_damage": 1.0,
  "precision_major_damage": 0.4516128897666931,
  "recall_major_damage": 0.2857142984867096,
  "f1_major_damage": 0.3499999940395355,
  "support_major_damage": 49.0,
  "predicted_major_damage": 31.0,
  "precision_destroyed": 0.8162392973899841,
  "recall_destroyed": 0.9219629764556885,
  "f1_destroyed": 0.8658859133720398,
  "support_destroyed": 1243.0,
  "predicted_destroyed": 1404.0
}