{
  "split": "val",
  "stage1_checkpoint": "results/week12/week12_hierarchical_stage1_convnext/checkpoints/week12_stage1_best.pt",
  "stage2_checkpoint": "results/week12/week12_hierarchical_stage2_convnext/checkpoints/week12_stage2_best.pt",
  "damaged_threshold": 0.75,
  "accuracy": 0.9558258652687073,
  "macro_f1": 0.5566929578781128,
  "weighted_f1": 0.9569782018661499,
  "precision_no_damage": 0.9894891977310181,
  "recall_no_damage": 0.9637212753295898,
  "f1_no_damage": 0.9764352440834045,
  "support_no_damage": 11136.0,
  "predicted_no_damage": 10846.0,
  "precision_minor_damage": 0.08571428805589676,
  "recall_minor_damage": 0.04411764815449715,
  "f1_minor_damage": 0.058252427726984024,
  "support_minor_damage": 68.0,
  "predicted_minor_damage": 35.0,
  "precision_major_damage": 0.2613636255264282,
  "recall_major_damage": 0.4693877696990967,
  "f1_major_damage": 0.33576643466949463,
  "support_major_damage": 49.0,
  "predicted_major_damage": 88.0,
  "precision_destroyed": 0.7766863107681274,
  "recall_destroyed": 0.954143226146698,
  "f1_destroyed": 0.8563176989555359,
  "support_destroyed": 1243.0,
  "predicted_destroyed": 1527.0
}