{
  "best_epoch": 11,
  "val_loss": 0.17766240777928963,
  "accuracy": 0.9579865336418152,
  "macro_f1": 0.5758709907531738,
  "weighted_f1": 0.9595510959625244,
  "precision_no_damage": 0.9899659156799316,
  "recall_no_damage": 0.9656968116760254,
  "f1_no_damage": 0.9776808023452759,
  "support_no_damage": 11136.0,
  "predicted_no_damage": 10863.0,
  "precision_minor_damage": 0.13333334028720856,
  "recall_minor_damage": 0.11764705926179886,
  "f1_minor_damage": 0.125,
  "support_minor_damage": 68.0,
  "predicted_minor_damage": 60.0,
  "precision_major_damage": 0.27272728085517883,
  "recall_major_damage": 0.4285714328289032,
  "f1_major_damage": 0.3333333432674408,
  "support_major_damage": 49.0,
  "predicted_major_damage": 77.0,
  "precision_destroyed": 0.7941176295280457,
  "recall_destroyed": 0.9557521939277649,
  "f1_destroyed": 0.8674699068069458,
  "support_destroyed": 1243.0,
  "predicted_destroyed": 1496.0
}