{
  "best_epoch": 19,
  "train_dice_background": 0.9801784753799438,
  "train_dice_destroyed": 0.40612196922302246,
  "train_dice_major_damage": 0.3435106575489044,
  "train_dice_minor_damage": 0.03221415728330612,
  "train_dice_no_damage": 0.6138893365859985,
  "train_iou_background": 0.961127519607544,
  "train_iou_destroyed": 0.2548011541366577,
  "train_iou_major_damage": 0.20737268030643463,
  "train_iou_minor_damage": 0.01637076400220394,
  "train_iou_no_damage": 0.44288623332977295,
  "train_loss": 0.888817767710796,
  "train_macro_f1": 0.34893420338630676,
  "train_mean_dice": 0.34893402457237244,
  "train_mean_iou": 0.23035770654678345,
  "train_pixel_accuracy": 0.9514138698577881,
  "val_dice_background": 0.9814788699150085,
  "val_dice_destroyed": 0.6491094827651978,
  "val_dice_major_damage": 0.4701814651489258,
  "val_dice_minor_damage": 0.10461566597223282,
  "val_dice_no_damage": 0.7072716355323792,
  "val_iou_background": 0.9636312127113342,
  "val_iou_destroyed": 0.4805048406124115,
  "val_iou_major_damage": 0.30734458565711975,
  "val_iou_minor_damage": 0.05519496276974678,
  "val_iou_no_damage": 0.5471154451370239,
  "val_loss": 0.8337697317433912,
  "val_macro_f1": 0.4827946722507477,
  "val_mean_dice": 0.48279455304145813,
  "val_mean_iou": 0.3475399613380432,
  "val_pixel_accuracy": 0.9562217593193054
}